"Data Source","Indicadores del desarrollo mundial",

"Last Updated Date","2019-01-30",

"Country Name","Country Code","Indicator Name","Indicator Code","1960","1961","1962","1963","1964","1965","1966","1967","1968","1969","1970","1971","1972","1973","1974","1975","1976","1977","1978","1979","1980","1981","1982","1983","1984","1985","1986","1987","1988","1989","1990","1991","1992","1993","1994","1995","1996","1997","1998","1999","2000","2001","2002","2003","2004","2005","2006","2007","2008","2009","2010","2011","2012","2013","2014","2015","2016","2017","2018",
"Aruba","ABW","Promedio detallado de precipitaciones (mm anuales)","AG.LND.PRCP.MM","","","","","","","","","","","","","","","","","","","","","","","","","","","","","","","","","","","","","","","","","","","","","","","","","","","","","","","","","","","",
"Afganistán","AFG","Promedio detallado de precipitaciones (mm anuales)","AG.LND.PRCP.MM","","","327","","","","","327","","","","","327","","","","","327","","","","","327","","","","","327","","","","","327","","","","","327","","","","","327","","","","","327","","","","","327","","327","","","","",
"Angola","AGO","Promedio detallado de precipitaciones (mm anuales)","AG.LND.PRCP.MM","","","1010","","","","","1010","","","","","1010","","","","","1010","","","","","1010","","","","","1010","","","","","1010","","","","","1010","","","","","1010","","","","","1010","","","","","1010","","1010","","","","",
"Albania","ALB","Promedio detallado de precipitaciones (mm anuales)","AG.LND.PRCP.MM","","","1485","","","","","1485","","","","","1485","","","","","1485","","","","","1485","","","","","1485","","","","","1485","","","","","1485","","","","","1485","","","","","1485","","","","","1485","","1485","","","","",
"Andorra","AND","Promedio detallado de precipitaciones (mm anuales)","AG.LND.PRCP.MM","","","","","","","","","","","","","","","","","","","","","","","","","","","","","","","","","","","","","","","","","","","","","","","","","","","","","","","","","","","",
"El mundo árabe","ARB","Promedio detallado de precipitaciones (mm anuales)","AG.LND.PRCP.MM","","","","","","","","","","","","","","","","","","","","","","","","","","","","","","","","","","","","","","","","","","","","","","","","","","","","","","","","","","","",
"Emiratos Árabes Unidos","ARE","Promedio detallado de precipitaciones (mm anuales)","AG.LND.PRCP.MM","","","78","","","","","78","","","","","78","","","","","78","","","","","78","","","","","78","","","","","78","","","","","78","","","","","78","","","","","78","","","","","78","","78","","","","",
"Argentina","ARG","Promedio detallado de precipitaciones (mm anuales)","AG.LND.PRCP.MM","","","591","","","","","591","","","","","591","","","","","591","","","","","591","","","","","591","","","","","591","","","","","591","","","","","591","","","","","591","","","","","591","","591","","","","",
"Armenia","ARM","Promedio detallado de precipitaciones (mm anuales)","AG.LND.PRCP.MM","","","","","","","","","","","","","","","","","","","","","","","","","","","","","","","","","562","","","","","562","","","","","562","","","","","562","","","","","562","","562","","","","",
"Samoa Americana","ASM","Promedio detallado de precipitaciones (mm anuales)","AG.LND.PRCP.MM","","","","","","","","","","","","","","","","","","","","","","","","","","","","","","","","","","","","","","","","","","","","","","","","","","","","","","","","","","","",
"Antigua y Barbuda","ATG","Promedio detallado de precipitaciones (mm anuales)","AG.LND.PRCP.MM","","","1030","","","","","1030","","","","","1030","","","","","1030","","","","","1030","","","","","1030","","","","","1030","","","","","1030","","","","","1030","","","","","1030","","","","","1030","","1030","","","","",
"Australia","AUS","Promedio detallado de precipitaciones (mm anuales)","AG.LND.PRCP.MM","","","534","","","","","534","","","","","534","","","","","534","","","","","534","","","","","534","","","","","534","","","","","534","","","","","534","","","","","534","","","","","534","","534","","","","",
"Austria","AUT","Promedio detallado de precipitaciones (mm anuales)","AG.LND.PRCP.MM","","","1110","","","","","1110","","","","","1110","","","","","1110","","","","","1110","","","","","1110","","","","","1110","","","","","1110","","","","","1110","","","","","1110","","","","","1110","","1110","","","","",
"Azerbaiyán","AZE","Promedio detallado de precipitaciones (mm anuales)","AG.LND.PRCP.MM","","","","","","","","","","","","","","","","","","","","","","","","","","","","","","","","","447","","","","","447","","","","","447","","","","","447","","","","","447","","447","","","","",
"Burundi","BDI","Promedio detallado de precipitaciones (mm anuales)","AG.LND.PRCP.MM","","","1274","","","","","1274","","","","","1274","","","","","1274","","","","","1274","","","","","1274","","","","","1274","","","","","1274","","","","","1274","","","","","1274","","","","","1274","","1274","","","","",
"Bélgica","BEL","Promedio detallado de precipitaciones (mm anuales)","AG.LND.PRCP.MM","","","847","","","","","847","","","","","847","","","","","847","","","","","847","","","","","847","","","","","847","","","","","847","","","","","847","","","","","847","","","","","847","","847","","","","",
"Benin","BEN","Promedio detallado de precipitaciones (mm anuales)","AG.LND.PRCP.MM","","","1039","","","","","1039","","","","","1039","","","","","1039","","","","","1039","","","","","1039","","","","","1039","","","","","1039","","","","","1039","","","","","1039","","","","","1039","","1039","","","","",
"Burkina Faso","BFA","Promedio detallado de precipitaciones (mm anuales)","AG.LND.PRCP.MM","","","748","","","","","748","","","","","748","","","","","748","","","","","748","","","","","748","","","","","748","","","","","748","","","","","748","","","","","748","","","","","748","","748","","","","",
"Bangladesh","BGD","Promedio detallado de precipitaciones (mm anuales)","AG.LND.PRCP.MM","","","2666","","","","","2666","","","","","2666","","","","","2666","","","","","2666","","","","","2666","","","","","2666","","","","","2666","","","","","2666","","","","","2666","","","","","2666","","2666","","","","",
"Bulgaria","BGR","Promedio detallado de precipitaciones (mm anuales)","AG.LND.PRCP.MM","","","608","","","","","608","","","","","608","","","","","608","","","","","608","","","","","608","","","","","608","","","","","608","","","","","608","","","","","608","","","","","608","","608","","","","",
"Bahrein","BHR","Promedio detallado de precipitaciones (mm anuales)","AG.LND.PRCP.MM","","","83","","","","","83","","","","","83","","","","","83","","","","","83","","","","","83","","","","","83","","","","","83","","","","","83","","","","","83","","","","","83","","83","","","","",
"Bahamas","BHS","Promedio detallado de precipitaciones (mm anuales)","AG.LND.PRCP.MM","","","1292","","","","","1292","","","","","1292","","","","","1292","","","","","1292","","","","","1292","","","","","1292","","","","","1292","","","","","1292","","","","","1292","","","","","1292","","1292","","","","",
"Bosnia y Herzegovina","BIH","Promedio detallado de precipitaciones (mm anuales)","AG.LND.PRCP.MM","","","","","","","","","","","","","","","","","","","","","","","","","","","","","","","","","1028","","","","","1028","","","","","1028","","","","","1028","","","","","1028","","1028","","","","",
"Belarús","BLR","Promedio detallado de precipitaciones (mm anuales)","AG.LND.PRCP.MM","","","","","","","","","","","","","","","","","","","","","","","","","","","","","","","","","618","","","","","618","","","","","618","","","","","618","","","","","618","","618","","","","",
"Belice","BLZ","Promedio detallado de precipitaciones (mm anuales)","AG.LND.PRCP.MM","","","1705","","","","","1705","","","","","1705","","","","","1705","","","","","1705","","","","","1705","","","","","1705","","","","","1705","","","","","1705","","","","","1705","","","","","1705","","1705","","","","",
"Bermudas","BMU","Promedio detallado de precipitaciones (mm anuales)","AG.LND.PRCP.MM","","","","","","","","","","","","","","","","","","","","","","","","","","","","","","","","","","","","","","","","","","","","","","","","","","","","","","","","","","","",
"Bolivia","BOL","Promedio detallado de precipitaciones (mm anuales)","AG.LND.PRCP.MM","","","1146","","","","","1146","","","","","1146","","","","","1146","","","","","1146","","","","","1146","","","","","1146","","","","","1146","","","","","1146","","","","","1146","","","","","1146","","1146","","","","",
"Brasil","BRA","Promedio detallado de precipitaciones (mm anuales)","AG.LND.PRCP.MM","","","1761","","","","","1761","","","","","1761","","","","","1761","","","","","1761","","","","","1761","","","","","1761","","","","","1761","","","","","1761","","","","","1761","","","","","1761","","1761","","","","",
"Barbados","BRB","Promedio detallado de precipitaciones (mm anuales)","AG.LND.PRCP.MM","","","1422","","","","","1422","","","","","1422","","","","","1422","","","","","1422","","","","","1422","","","","","1422","","","","","1422","","","","","1422","","","","","1422","","","","","1422","","1422","","","","",
"Brunei Darussalam","BRN","Promedio detallado de precipitaciones (mm anuales)","AG.LND.PRCP.MM","","","2722","","","","","2722","","","","","2722","","","","","2722","","","","","2722","","","","","2722","","","","","2722","","","","","2722","","","","","2722","","","","","2722","","","","","2722","","2722","","","","",
"Bhután","BTN","Promedio detallado de precipitaciones (mm anuales)","AG.LND.PRCP.MM","","","2200","","","","","2200","","","","","2200","","","","","2200","","","","","2200","","","","","2200","","","","","2200","","","","","2200","","","","","2200","","","","","2200","","","","","2200","","2200","","","","",
"Botswana","BWA","Promedio detallado de precipitaciones (mm anuales)","AG.LND.PRCP.MM","","","416","","","","","416","","","","","416","","","","","416","","","","","416","","","","","416","","","","","416","","","","","416","","","","","416","","","","","416","","","","","416","","416","","","","",
"República Centroafricana","CAF","Promedio detallado de precipitaciones (mm anuales)","AG.LND.PRCP.MM","","","1343","","","","","1343","","","","","1343","","","","","1343","","","","","1343","","","","","1343","","","","","1343","","","","","1343","","","","","1343","","","","","1343","","","","","1343","","1343","","","","",
"Canadá","CAN","Promedio detallado de precipitaciones (mm anuales)","AG.LND.PRCP.MM","","","537","","","","","537","","","","","537","","","","","537","","","","","537","","","","","537","","","","","537","","","","","537","","","","","537","","","","","537","","","","","537","","537","","","","",
"Europa Central y del Báltico","CEB","Promedio detallado de precipitaciones (mm anuales)","AG.LND.PRCP.MM","","","","","","","","","","","","","","","","","","","","","","","","","","","","","","","","","","","","","","","","","","","","","","","","","","","","","","","","","","","",
"Suiza","CHE","Promedio detallado de precipitaciones (mm anuales)","AG.LND.PRCP.MM","","","1537","","","","","1537","","","","","1537","","","","","1537","","","","","1537","","","","","1537","","","","","1537","","","","","1537","","","","","1537","","","","","1537","","","","","1537","","1537","","","","",
"Islas del Canal","CHI","Promedio detallado de precipitaciones (mm anuales)","AG.LND.PRCP.MM","","","","","","","","","","","","","","","","","","","","","","","","","","","","","","","","","","","","","","","","","","","","","","","","","","","","","","","","","","","",
"Chile","CHL","Promedio detallado de precipitaciones (mm anuales)","AG.LND.PRCP.MM","","","1522","","","","","1522","","","","","1522","","","","","1522","","","","","1522","","","","","1522","","","","","1522","","","","","1522","","","","","1522","","","","","1522","","","","","1522","","1522","","","","",
"China","CHN","Promedio detallado de precipitaciones (mm anuales)","AG.LND.PRCP.MM","","","645","","","","","645","","","","","645","","","","","645","","","","","645","","","","","645","","","","","645","","","","","645","","","","","645","","","","","645","","","","","645","","645","","","","",
"Côte d'Ivoire","CIV","Promedio detallado de precipitaciones (mm anuales)","AG.LND.PRCP.MM","","","1348","","","","","1348","","","","","1348","","","","","1348","","","","","1348","","","","","1348","","","","","1348","","","","","1348","","","","","1348","","","","","1348","","","","","1348","","1348","","","","",
"Camerún","CMR","Promedio detallado de precipitaciones (mm anuales)","AG.LND.PRCP.MM","","","1604","","","","","1604","","","","","1604","","","","","1604","","","","","1604","","","","","1604","","","","","1604","","","","","1604","","","","","1604","","","","","1604","","","","","1604","","1604","","","","",
"Congo, República Democrática del","COD","Promedio detallado de precipitaciones (mm anuales)","AG.LND.PRCP.MM","","","1543","","","","","1543","","","","","1543","","","","","1543","","","","","1543","","","","","1543","","","","","1543","","","","","1543","","","","","1543","","","","","1543","","","","","1543","","1543","","","","",
"Congo, República del","COG","Promedio detallado de precipitaciones (mm anuales)","AG.LND.PRCP.MM","","","1646","","","","","1646","","","","","1646","","","","","1646","","","","","1646","","","","","1646","","","","","1646","","","","","1646","","","","","1646","","","","","1646","","","","","1646","","1646","","","","",
"Colombia","COL","Promedio detallado de precipitaciones (mm anuales)","AG.LND.PRCP.MM","","","3240","","","","","3240","","","","","3240","","","","","3240","","","","","3240","","","","","3240","","","","","3240","","","","","3240","","","","","3240","","","","","3240","","","","","3240","","3240","","","","",
"Comoras","COM","Promedio detallado de precipitaciones (mm anuales)","AG.LND.PRCP.MM","","","900","","","","","900","","","","","900","","","","","900","","","","","900","","","","","900","","","","","900","","","","","900","","","","","900","","","","","900","","","","","900","","900","","","","",
"Cabo Verde","CPV","Promedio detallado de precipitaciones (mm anuales)","AG.LND.PRCP.MM","","","228","","","","","228","","","","","228","","","","","228","","","","","228","","","","","228","","","","","228","","","","","228","","","","","228","","","","","228","","","","","228","","228","","","","",
"Costa Rica","CRI","Promedio detallado de precipitaciones (mm anuales)","AG.LND.PRCP.MM","","","2926","","","","","2926","","","","","2926","","","","","2926","","","","","2926","","","","","2926","","","","","2926","","","","","2926","","","","","2926","","","","","2926","","","","","2926","","2926","","","","",
"Estados pequeos del Caribe","CSS","Promedio detallado de precipitaciones (mm anuales)","AG.LND.PRCP.MM","","","","","","","","","","","","","","","","","","","","","","","","","","","","","","","","","","","","","","","","","","","","","","","","","","","","","","","","","","","",
"Cuba","CUB","Promedio detallado de precipitaciones (mm anuales)","AG.LND.PRCP.MM","","","1335","","","","","1335","","","","","1335","","","","","1335","","","","","1335","","","","","1335","","","","","1335","","","","","1335","","","","","1335","","","","","1335","","","","","1335","","1335","","","","",
"Curacao","CUW","Promedio detallado de precipitaciones (mm anuales)","AG.LND.PRCP.MM","","","","","","","","","","","","","","","","","","","","","","","","","","","","","","","","","","","","","","","","","","","","","","","","","","","","","","","","","","","",
"Islas Caimán","CYM","Promedio detallado de precipitaciones (mm anuales)","AG.LND.PRCP.MM","","","","","","","","","","","","","","","","","","","","","","","","","","","","","","","","","","","","","","","","","","","","","","","","","","","","","","","","","","","",
"Chipre","CYP","Promedio detallado de precipitaciones (mm anuales)","AG.LND.PRCP.MM","","","498","","","","","498","","","","","498","","","","","498","","","","","498","","","","","498","","","","","498","","","","","498","","","","","498","","","","","498","","","","","498","","498","","","","",
"República Checa","CZE","Promedio detallado de precipitaciones (mm anuales)","AG.LND.PRCP.MM","","","","","","","","","","","","","","","","","","","","","","","","","","","","","","","","","","","","","","677","","","","","677","","","","","677","","","","","677","","677","","","","",
"Alemania","DEU","Promedio detallado de precipitaciones (mm anuales)","AG.LND.PRCP.MM","","","700","","","","","700","","","","","700","","","","","700","","","","","700","","","","","700","","","","","700","","","","","700","","","","","700","","","","","700","","","","","700","","700","","","","",
"Djibouti","DJI","Promedio detallado de precipitaciones (mm anuales)","AG.LND.PRCP.MM","","","220","","","","","220","","","","","220","","","","","220","","","","","220","","","","","220","","","","","220","","","","","220","","","","","220","","","","","220","","","","","220","","220","","","","",
"Dominica","DMA","Promedio detallado de precipitaciones (mm anuales)","AG.LND.PRCP.MM","","","2083","","","","","2083","","","","","2083","","","","","2083","","","","","2083","","","","","2083","","","","","2083","","","","","2083","","","","","2083","","","","","2083","","","","","2083","","2083","","","","",
"Dinamarca","DNK","Promedio detallado de precipitaciones (mm anuales)","AG.LND.PRCP.MM","","","703","","","","","703","","","","","703","","","","","703","","","","","703","","","","","703","","","","","703","","","","","703","","","","","703","","","","","703","","","","","703","","703","","","","",
"República Dominicana","DOM","Promedio detallado de precipitaciones (mm anuales)","AG.LND.PRCP.MM","","","1410","","","","","1410","","","","","1410","","","","","1410","","","","","1410","","","","","1410","","","","","1410","","","","","1410","","","","","1410","","","","","1410","","","","","1410","","1410","","","","",
"Argelia","DZA","Promedio detallado de precipitaciones (mm anuales)","AG.LND.PRCP.MM","","","89","","","","","89","","","","","89","","","","","89","","","","","89","","","","","89","","","","","89","","","","","89","","","","","89","","","","","89","","","","","89","","89","","","","",
"Asia oriental y el Pacífico (excluido altos ingresos)","EAP","Promedio detallado de precipitaciones (mm anuales)","AG.LND.PRCP.MM","","","","","","","","","","","","","","","","","","","","","","","","","","","","","","","","","","","","","","","","","","","","","","","","","","","","","","","","","","","",
"inicial del dividendo demográfico","EAR","Promedio detallado de precipitaciones (mm anuales)","AG.LND.PRCP.MM","","","","","","","","","","","","","","","","","","","","","","","","","","","","","","","","","","","","","","","","","","","","","","","","","","","","","","","","","","","",
"Asia oriental y el Pacífico","EAS","Promedio detallado de precipitaciones (mm anuales)","AG.LND.PRCP.MM","","","","","","","","","","","","","","","","","","","","","","","","","","","","","","","","","","","","","","","","","","","","","","","","","","","","","","","","","","","",
"Europa y Asia central (excluido altos ingresos)","ECA","Promedio detallado de precipitaciones (mm anuales)","AG.LND.PRCP.MM","","","","","","","","","","","","","","","","","","","","","","","","","","","","","","","","","","","","","","","","","","","","","","","","","","","","","","","","","","","",
"Europa y Asia central","ECS","Promedio detallado de precipitaciones (mm anuales)","AG.LND.PRCP.MM","","","","","","","","","","","","","","","","","","","","","","","","","","","","","","","","","","","","","","","","","","","","","","","","","","","","","","","","","","","",
"Ecuador","ECU","Promedio detallado de precipitaciones (mm anuales)","AG.LND.PRCP.MM","","","2274","","","","","2274","","","","","2274","","","","","2274","","","","","2274","","","","","2274","","","","","2274","","","","","2274","","","","","2274","","","","","2274","","","","","2274","","2274","","","","",
"Egipto, República Árabe de","EGY","Promedio detallado de precipitaciones (mm anuales)","AG.LND.PRCP.MM","","","51","","","","","51","","","","","51","","","","","51","","","","","51","","","","","51","","","","","51","","","","","51","","","","","51","","","","","51","","","","","51","","51","","","","",
"Zona del Euro","EMU","Promedio detallado de precipitaciones (mm anuales)","AG.LND.PRCP.MM","","","","","","","","","","","","","","","","","","","","","","","","","","","","","","","","","","","","","","","","","","","","","","","","","","","","","","","","","","","",
"Eritrea","ERI","Promedio detallado de precipitaciones (mm anuales)","AG.LND.PRCP.MM","","","","","","","","","","","","","","","","","","","","","","","","","","","","","","","","","","","","","","384","","","","","384","","","","","384","","","","","384","","384","","","","",
"España","ESP","Promedio detallado de precipitaciones (mm anuales)","AG.LND.PRCP.MM","","","636","","","","","636","","","","","636","","","","","636","","","","","636","","","","","636","","","","","636","","","","","636","","","","","636","","","","","636","","","","","636","","636","","","","",
"Estonia","EST","Promedio detallado de precipitaciones (mm anuales)","AG.LND.PRCP.MM","","","","","","","","","","","","","","","","","","","","","","","","","","","","","","","","","626","","","","","626","","","","","626","","","","","626","","","","","626","","626","","","","",
"Etiopía","ETH","Promedio detallado de precipitaciones (mm anuales)","AG.LND.PRCP.MM","","","","","","","","","","","","","","","","","","","","","","","","","","","","","","","","","","","","","","848","","","","","848","","","","","848","","","","","848","","848","","","","",
"Unión Europea","EUU","Promedio detallado de precipitaciones (mm anuales)","AG.LND.PRCP.MM","","","","","","","","","","","","","","","","","","","","","","","","","","","","","","","","","","","","","","","","","","","","","","","","","","","","","","","","","","","",
"Frágiles y situaciones de conflicto afectados","FCS","Promedio detallado de precipitaciones (mm anuales)","AG.LND.PRCP.MM","","","","","","","","","","","","","","","","","","","","","","","","","","","","","","","","","","","","","","","","","","","","","","","","","","","","","","","","","","","",
"Finlandia","FIN","Promedio detallado de precipitaciones (mm anuales)","AG.LND.PRCP.MM","","","536","","","","","536","","","","","536","","","","","536","","","","","536","","","","","536","","","","","536","","","","","536","","","","","536","","","","","536","","","","","536","","536","","","","",
"Fiji","FJI","Promedio detallado de precipitaciones (mm anuales)","AG.LND.PRCP.MM","","","2592","","","","","2592","","","","","2592","","","","","2592","","","","","2592","","","","","2592","","","","","2592","","","","","2592","","","","","2592","","","","","2592","","","","","2592","","2592","","","","",
"Francia","FRA","Promedio detallado de precipitaciones (mm anuales)","AG.LND.PRCP.MM","","","867","","","","","867","","","","","867","","","","","867","","","","","867","","","","","867","","","","","867","","","","","867","","","","","867","","","","","867","","","","","867","","867","","","","",
"Islas Feroe","FRO","Promedio detallado de precipitaciones (mm anuales)","AG.LND.PRCP.MM","","","","","","","","","","","","","","","","","","","","","","","","","","","","","","","","","","","","","","","","","","","","","","","","","","","","","","","","","","","",
"Micronesia (Estados Federados de)","FSM","Promedio detallado de precipitaciones (mm anuales)","AG.LND.PRCP.MM","","","","","","","","","","","","","","","","","","","","","","","","","","","","","","","","","758","","","","","758","","","","","758","","","","","758","","","","","758","","","","","","",
"Gabón","GAB","Promedio detallado de precipitaciones (mm anuales)","AG.LND.PRCP.MM","","","1831","","","","","1831","","","","","1831","","","","","1831","","","","","1831","","","","","1831","","","","","1831","","","","","1831","","","","","1831","","","","","1831","","","","","1831","","1831","","","","",
"Reino Unido","GBR","Promedio detallado de precipitaciones (mm anuales)","AG.LND.PRCP.MM","","","1220","","","","","1220","","","","","1220","","","","","1220","","","","","1220","","","","","1220","","","","","1220","","","","","1220","","","","","1220","","","","","1220","","","","","1220","","1220","","","","",
"Georgia","GEO","Promedio detallado de precipitaciones (mm anuales)","AG.LND.PRCP.MM","","","","","","","","","","","","","","","","","","","","","","","","","","","","","","","","","1026","","","","","1026","","","","","1026","","","","","1026","","","","","1026","","1026","","","","",
"Ghana","GHA","Promedio detallado de precipitaciones (mm anuales)","AG.LND.PRCP.MM","","","1187","","","","","1187","","","","","1187","","","","","1187","","","","","1187","","","","","1187","","","","","1187","","","","","1187","","","","","1187","","","","","1187","","","","","1187","","1187","","","","",
"Gibraltar","GIB","Promedio detallado de precipitaciones (mm anuales)","AG.LND.PRCP.MM","","","","","","","","","","","","","","","","","","","","","","","","","","","","","","","","","","","","","","","","","","","","","","","","","","","","","","","","","","","",
"Guinea","GIN","Promedio detallado de precipitaciones (mm anuales)","AG.LND.PRCP.MM","","","1651","","","","","1651","","","","","1651","","","","","1651","","","","","1651","","","","","1651","","","","","1651","","","","","1651","","","","","1651","","","","","1651","","","","","1651","","1651","","","","",
"Gambia","GMB","Promedio detallado de precipitaciones (mm anuales)","AG.LND.PRCP.MM","","","836","","","","","836","","","","","836","","","","","836","","","","","836","","","","","836","","","","","836","","","","","836","","","","","836","","","","","836","","","","","836","","836","","","","",
"Guinea-Bissau","GNB","Promedio detallado de precipitaciones (mm anuales)","AG.LND.PRCP.MM","","","1577","","","","","1577","","","","","1577","","","","","1577","","","","","1577","","","","","1577","","","","","1577","","","","","1577","","","","","1577","","","","","1577","","","","","1577","","1577","","","","",
"Guinea Ecuatorial","GNQ","Promedio detallado de precipitaciones (mm anuales)","AG.LND.PRCP.MM","","","2156","","","","","2156","","","","","2156","","","","","2156","","","","","2156","","","","","2156","","","","","2156","","","","","2156","","","","","2156","","","","","2156","","","","","2156","","2156","","","","",
"Grecia","GRC","Promedio detallado de precipitaciones (mm anuales)","AG.LND.PRCP.MM","","","652","","","","","652","","","","","652","","","","","652","","","","","652","","","","","652","","","","","652","","","","","652","","","","","652","","","","","652","","","","","652","","652","","","","",
"Granada","GRD","Promedio detallado de precipitaciones (mm anuales)","AG.LND.PRCP.MM","","","2350","","","","","2350","","","","","2350","","","","","2350","","","","","2350","","","","","2350","","","","","2350","","","","","2350","","","","","2350","","","","","2350","","","","","2350","","2350","","","","",
"Groenlandia","GRL","Promedio detallado de precipitaciones (mm anuales)","AG.LND.PRCP.MM","","","","","","","","","","","","","","","","","","","","","","","","","","","","","","","","","","","","","","","","","","","","","","","","","","","","","","","","","","","",
"Guatemala","GTM","Promedio detallado de precipitaciones (mm anuales)","AG.LND.PRCP.MM","","","1996","","","","","1996","","","","","1996","","","","","1996","","","","","1996","","","","","1996","","","","","1996","","","","","1996","","","","","1996","","","","","1996","","","","","1996","","1996","","","","",
"Guam","GUM","Promedio detallado de precipitaciones (mm anuales)","AG.LND.PRCP.MM","","","","","","","","","","","","","","","","","","","","","","","","","","","","","","","","","","","","","","","","","","","","","","","","","","","","","","","","","","","",
"Guyana","GUY","Promedio detallado de precipitaciones (mm anuales)","AG.LND.PRCP.MM","","","2387","","","","","2387","","","","","2387","","","","","2387","","","","","2387","","","","","2387","","","","","2387","","","","","2387","","","","","2387","","","","","2387","","","","","2387","","2387","","","","",
"Ingreso alto","HIC","Promedio detallado de precipitaciones (mm anuales)","AG.LND.PRCP.MM","","","","","","","","","","","","","","","","","","","","","","","","","","","","","","","","","","","","","","","","","","","","","","","","","","","","","","","","","","","",
"Hong Kong, Región Administrativa Especial","HKG","Promedio detallado de precipitaciones (mm anuales)","AG.LND.PRCP.MM","","","","","","","","","","","","","","","","","","","","","","","","","","","","","","","","","","","","","","","","","","","","","","","","","","","","","","","","","","","",
"Honduras","HND","Promedio detallado de precipitaciones (mm anuales)","AG.LND.PRCP.MM","","","1976","","","","","1976","","","","","1976","","","","","1976","","","","","1976","","","","","1976","","","","","1976","","","","","1976","","","","","1976","","","","","1976","","","","","1976","","1976","","","","",
"Países pobres muy endeudados (PPME)","HPC","Promedio detallado de precipitaciones (mm anuales)","AG.LND.PRCP.MM","","","","","","","","","","","","","","","","","","","","","","","","","","","","","","","","","","","","","","","","","","","","","","","","","","","","","","","","","","","",
"Croacia","HRV","Promedio detallado de precipitaciones (mm anuales)","AG.LND.PRCP.MM","","","","","","","","","","","","","","","","","","","","","","","","","","","","","","","","","1113","","","","","1113","","","","","1113","","","","","1113","","","","","1113","","1113","","","","",
"Haití","HTI","Promedio detallado de precipitaciones (mm anuales)","AG.LND.PRCP.MM","","","1440","","","","","1440","","","","","1440","","","","","1440","","","","","1440","","","","","1440","","","","","1440","","","","","1440","","","","","1440","","","","","1440","","","","","1440","","1440","","","","",
"Hungría","HUN","Promedio detallado de precipitaciones (mm anuales)","AG.LND.PRCP.MM","","","589","","","","","589","","","","","589","","","","","589","","","","","589","","","","","589","","","","","589","","","","","589","","","","","589","","","","","589","","","","","589","","589","","","","",
"Sólo BIRF","IBD","Promedio detallado de precipitaciones (mm anuales)","AG.LND.PRCP.MM","","","","","","","","","","","","","","","","","","","","","","","","","","","","","","","","","","","","","","","","","","","","","","","","","","","","","","","","","","","",
"BIRF y la AIF","IBT","Promedio detallado de precipitaciones (mm anuales)","AG.LND.PRCP.MM","","","","","","","","","","","","","","","","","","","","","","","","","","","","","","","","","","","","","","","","","","","","","","","","","","","","","","","","","","","",
"total de la AIF","IDA","Promedio detallado de precipitaciones (mm anuales)","AG.LND.PRCP.MM","","","","","","","","","","","","","","","","","","","","","","","","","","","","","","","","","","","","","","","","","","","","","","","","","","","","","","","","","","","",
"mezcla de la AIF","IDB","Promedio detallado de precipitaciones (mm anuales)","AG.LND.PRCP.MM","","","","","","","","","","","","","","","","","","","","","","","","","","","","","","","","","","","","","","","","","","","","","","","","","","","","","","","","","","","",
"Indonesia","IDN","Promedio detallado de precipitaciones (mm anuales)","AG.LND.PRCP.MM","","","2702","","","","","2702","","","","","2702","","","","","2702","","","","","2702","","","","","2702","","","","","2702","","","","","2702","","","","","2702","","","","","2702","","","","","2702","","2702","","","","",
"Sólo AIF","IDX","Promedio detallado de precipitaciones (mm anuales)","AG.LND.PRCP.MM","","","","","","","","","","","","","","","","","","","","","","","","","","","","","","","","","","","","","","","","","","","","","","","","","","","","","","","","","","","",
"Isla de Man","IMN","Promedio detallado de precipitaciones (mm anuales)","AG.LND.PRCP.MM","","","","","","","","","","","","","","","","","","","","","","","","","","","","","","","","","","","","","","","","","","","","","","","","","","","","","","","","","","","",
"India","IND","Promedio detallado de precipitaciones (mm anuales)","AG.LND.PRCP.MM","","","1083","","","","","1083","","","","","1083","","","","","1083","","","","","1083","","","","","1083","","","","","1083","","","","","1083","","","","","1083","","","","","1083","","","","","1083","","1083","","","","",
"No clasificado","INX","Promedio detallado de precipitaciones (mm anuales)","AG.LND.PRCP.MM","","","","","","","","","","","","","","","","","","","","","","","","","","","","","","","","","","","","","","","","","","","","","","","","","","","","","","","","","","","",
"Irlanda","IRL","Promedio detallado de precipitaciones (mm anuales)","AG.LND.PRCP.MM","","","1118","","","","","1118","","","","","1118","","","","","1118","","","","","1118","","","","","1118","","","","","1118","","","","","1118","","","","","1118","","","","","1118","","","","","1118","","1118","","","","",
"Irán, República Islámica del","IRN","Promedio detallado de precipitaciones (mm anuales)","AG.LND.PRCP.MM","","","228","","","","","228","","","","","228","","","","","228","","","","","228","","","","","228","","","","","228","","","","","228","","","","","228","","","","","228","","","","","228","","228","","","","",
"Iraq","IRQ","Promedio detallado de precipitaciones (mm anuales)","AG.LND.PRCP.MM","","","216","","","","","216","","","","","216","","","","","216","","","","","216","","","","","216","","","","","216","","","","","216","","","","","216","","","","","216","","","","","216","","216","","","","",
"Islandia","ISL","Promedio detallado de precipitaciones (mm anuales)","AG.LND.PRCP.MM","","","1940","","","","","1940","","","","","1940","","","","","1940","","","","","1940","","","","","1940","","","","","1940","","","","","1940","","","","","1940","","","","","1940","","","","","1940","","1940","","","","",
"Israel","ISR","Promedio detallado de precipitaciones (mm anuales)","AG.LND.PRCP.MM","","","435","","","","","435","","","","","435","","","","","435","","","","","435","","","","","435","","","","","435","","","","","435","","","","","435","","","","","435","","","","","435","","435","","","","",
"Italia","ITA","Promedio detallado de precipitaciones (mm anuales)","AG.LND.PRCP.MM","","","832","","","","","832","","","","","832","","","","","832","","","","","832","","","","","832","","","","","832","","","","","832","","","","","832","","","","","832","","","","","832","","832","","","","",
"Jamaica","JAM","Promedio detallado de precipitaciones (mm anuales)","AG.LND.PRCP.MM","","","2051","","","","","2051","","","","","2051","","","","","2051","","","","","2051","","","","","2051","","","","","2051","","","","","2051","","","","","2051","","","","","2051","","","","","2051","","2051","","","","",
"Jordania","JOR","Promedio detallado de precipitaciones (mm anuales)","AG.LND.PRCP.MM","","","111","","","","","111","","","","","111","","","","","111","","","","","111","","","","","111","","","","","111","","","","","111","","","","","111","","","","","111","","","","","111","","111","","","","",
"Japón","JPN","Promedio detallado de precipitaciones (mm anuales)","AG.LND.PRCP.MM","","","1668","","","","","1668","","","","","1668","","","","","1668","","","","","1668","","","","","1668","","","","","1668","","","","","1668","","","","","1668","","","","","1668","","","","","1668","","1668","","","","",
"Kazajstán","KAZ","Promedio detallado de precipitaciones (mm anuales)","AG.LND.PRCP.MM","","","","","","","","","","","","","","","","","","","","","","","","","","","","","","","","","250","","","","","250","","","","","250","","","","","250","","","","","250","","250","","","","",
"Kenya","KEN","Promedio detallado de precipitaciones (mm anuales)","AG.LND.PRCP.MM","","","630","","","","","630","","","","","630","","","","","630","","","","","630","","","","","630","","","","","630","","","","","630","","","","","630","","","","","630","","","","","630","","630","","","","",
"Kirguistán","KGZ","Promedio detallado de precipitaciones (mm anuales)","AG.LND.PRCP.MM","","","","","","","","","","","","","","","","","","","","","","","","","","","","","","","","","533","","","","","533","","","","","533","","","","","533","","","","","533","","533","","","","",
"Camboya","KHM","Promedio detallado de precipitaciones (mm anuales)","AG.LND.PRCP.MM","","","1904","","","","","1904","","","","","1904","","","","","1904","","","","","1904","","","","","1904","","","","","1904","","","","","1904","","","","","1904","","","","","1904","","","","","1904","","1904","","","","",
"Kiribati","KIR","Promedio detallado de precipitaciones (mm anuales)","AG.LND.PRCP.MM","","","","","","","","","","","","","","","","","","","","","","","","","","","","","","","","","630","","","","","630","","","","","630","","","","","630","","","","","630","","","","","","",
"Saint Kitts y Nevis","KNA","Promedio detallado de precipitaciones (mm anuales)","AG.LND.PRCP.MM","","","1427","","","","","1427","","","","","1427","","","","","1427","","","","","1427","","","","","1427","","","","","1427","","","","","1427","","","","","1427","","","","","1427","","","","","1427","","1427","","","","",
"Corea, República de","KOR","Promedio detallado de precipitaciones (mm anuales)","AG.LND.PRCP.MM","","","1274","","","","","1274","","","","","1274","","","","","1274","","","","","1274","","","","","1274","","","","","1274","","","","","1274","","","","","1274","","","","","1274","","","","","1274","","1274","","","","",
"Kuwait","KWT","Promedio detallado de precipitaciones (mm anuales)","AG.LND.PRCP.MM","","","121","","","","","121","","","","","121","","","","","121","","","","","121","","","","","121","","","","","121","","","","","121","","","","","121","","","","","121","","","","","121","","121","","","","",
"América Latina y el Caribe (excluido altos ingresos)","LAC","Promedio detallado de precipitaciones (mm anuales)","AG.LND.PRCP.MM","","","","","","","","","","","","","","","","","","","","","","","","","","","","","","","","","","","","","","","","","","","","","","","","","","","","","","","","","","","",
"República Democrática Popular Lao","LAO","Promedio detallado de precipitaciones (mm anuales)","AG.LND.PRCP.MM","","","1834","","","","","1834","","","","","1834","","","","","1834","","","","","1834","","","","","1834","","","","","1834","","","","","1834","","","","","1834","","","","","1834","","","","","1834","","1834","","","","",
"Líbano","LBN","Promedio detallado de precipitaciones (mm anuales)","AG.LND.PRCP.MM","","","661","","","","","661","","","","","661","","","","","661","","","","","661","","","","","661","","","","","661","","","","","661","","","","","661","","","","","661","","","","","661","","661","","","","",
"Liberia","LBR","Promedio detallado de precipitaciones (mm anuales)","AG.LND.PRCP.MM","","","2391","","","","","2391","","","","","2391","","","","","2391","","","","","2391","","","","","2391","","","","","2391","","","","","2391","","","","","2391","","","","","2391","","","","","2391","","2391","","","","",
"Libia","LBY","Promedio detallado de precipitaciones (mm anuales)","AG.LND.PRCP.MM","","","56","","","","","56","","","","","56","","","","","56","","","","","56","","","","","56","","","","","56","","","","","56","","","","","56","","","","","56","","","","","56","","56","","","","",
"Santa Lucía","LCA","Promedio detallado de precipitaciones (mm anuales)","AG.LND.PRCP.MM","","","2301","","","","","2301","","","","","2301","","","","","2301","","","","","2301","","","","","2301","","","","","2301","","","","","2301","","","","","2301","","","","","2301","","","","","2301","","2301","","","","",
"América Latina y el Caribe","LCN","Promedio detallado de precipitaciones (mm anuales)","AG.LND.PRCP.MM","","","","","","","","","","","","","","","","","","","","","","","","","","","","","","","","","","","","","","","","","","","","","","","","","","","","","","","","","","","",
"Países menos desarrollados: clasificación de las Naciones Unidas","LDC","Promedio detallado de precipitaciones (mm anuales)","AG.LND.PRCP.MM","","","","","","","","","","","","","","","","","","","","","","","","","","","","","","","","","","","","","","","","","","","","","","","","","","","","","","","","","","","",
"Países de ingreso bajo","LIC","Promedio detallado de precipitaciones (mm anuales)","AG.LND.PRCP.MM","","","","","","","","","","","","","","","","","","","","","","","","","","","","","","","","","","","","","","","","","","","","","","","","","","","","","","","","","","","",
"Liechtenstein","LIE","Promedio detallado de precipitaciones (mm anuales)","AG.LND.PRCP.MM","","","","","","","","","","","","","","","","","","","","","","","","","","","","","","","","","56","","","","","56","","","","","56","","","","","56","","","","","56","","","","","","",
"Sri Lanka","LKA","Promedio detallado de precipitaciones (mm anuales)","AG.LND.PRCP.MM","","","1712","","","","","1712","","","","","1712","","","","","1712","","","","","1712","","","","","1712","","","","","1712","","","","","1712","","","","","1712","","","","","1712","","","","","1712","","1712","","","","",
"Países de ingreso mediano bajo","LMC","Promedio detallado de precipitaciones (mm anuales)","AG.LND.PRCP.MM","","","","","","","","","","","","","","","","","","","","","","","","","","","","","","","","","","","","","","","","","","","","","","","","","","","","","","","","","","","",
"Ingreso mediano y bajo","LMY","Promedio detallado de precipitaciones (mm anuales)","AG.LND.PRCP.MM","","","","","","","","","","","","","","","","","","","","","","","","","","","","","","","","","","","","","","","","","","","","","","","","","","","","","","","","","","","",
"Lesotho","LSO","Promedio detallado de precipitaciones (mm anuales)","AG.LND.PRCP.MM","","","788","","","","","788","","","","","788","","","","","788","","","","","788","","","","","788","","","","","788","","","","","788","","","","","788","","","","","788","","","","","788","","788","","","","",
"avanzada del dividendo demográfico","LTE","Promedio detallado de precipitaciones (mm anuales)","AG.LND.PRCP.MM","","","","","","","","","","","","","","","","","","","","","","","","","","","","","","","","","","","","","","","","","","","","","","","","","","","","","","","","","","","",
"Lituania","LTU","Promedio detallado de precipitaciones (mm anuales)","AG.LND.PRCP.MM","","","","","","","","","","","","","","","","","","","","","","","","","","","","","","","","","656","","","","","656","","","","","656","","","","","656","","","","","656","","656","","","","",
"Luxemburgo","LUX","Promedio detallado de precipitaciones (mm anuales)","AG.LND.PRCP.MM","","","934","","","","","934","","","","","934","","","","","934","","","","","934","","","","","934","","","","","934","","","","","934","","","","","934","","","","","934","","","","","934","","934","","","","",
"Letonia","LVA","Promedio detallado de precipitaciones (mm anuales)","AG.LND.PRCP.MM","","","","","","","","","","","","","","","","","","","","","","","","","","","","","","","","","641","","","","","641","","","","","641","","","","","641","","","","","641","","641","","","","",
"Región Administrativa Especial de Macao, China","MAC","Promedio detallado de precipitaciones (mm anuales)","AG.LND.PRCP.MM","","","","","","","","","","","","","","","","","","","","","","","","","","","","","","","","","","","","","","","","","","","","","","","","","","","","","","","","","","","",
"Isla de San Martín (parte francesa)","MAF","Promedio detallado de precipitaciones (mm anuales)","AG.LND.PRCP.MM","","","","","","","","","","","","","","","","","","","","","","","","","","","","","","","","","","","","","","","","","","","","","","","","","","","","","","","","","","","",
"Marruecos","MAR","Promedio detallado de precipitaciones (mm anuales)","AG.LND.PRCP.MM","","","346","","","","","346","","","","","346","","","","","346","","","","","346","","","","","346","","","","","346","","","","","346","","","","","346","","","","","346","","","","","346","","346","","","","",
"Mónaco","MCO","Promedio detallado de precipitaciones (mm anuales)","AG.LND.PRCP.MM","","","","","","","","","","","","","","","","","","","","","","","","","","","","","","","","","","","","","","","","","","","","","","","","","","","","","","","","","","","",
"República de Moldova","MDA","Promedio detallado de precipitaciones (mm anuales)","AG.LND.PRCP.MM","","","","","","","","","","","","","","","","","","","","","","","","","","","","","","","","","450","","","","","450","","","","","450","","","","","450","","","","","450","","450","","","","",
"Madagascar","MDG","Promedio detallado de precipitaciones (mm anuales)","AG.LND.PRCP.MM","","","1513","","","","","1513","","","","","1513","","","","","1513","","","","","1513","","","","","1513","","","","","1513","","","","","1513","","","","","1513","","","","","1513","","","","","1513","","1513","","","","",
"Maldivas","MDV","Promedio detallado de precipitaciones (mm anuales)","AG.LND.PRCP.MM","","","1972","","","","","1972","","","","","1972","","","","","1972","","","","","1972","","","","","1972","","","","","1972","","","","","1972","","","","","1972","","","","","1972","","","","","1972","","1972","","","","",
"Oriente Medio y Norte de África","MEA","Promedio detallado de precipitaciones (mm anuales)","AG.LND.PRCP.MM","","","","","","","","","","","","","","","","","","","","","","","","","","","","","","","","","","","","","","","","","","","","","","","","","","","","","","","","","","","",
"México","MEX","Promedio detallado de precipitaciones (mm anuales)","AG.LND.PRCP.MM","","","758","","","","","758","","","","","758","","","","","758","","","","","758","","","","","758","","","","","758","","","","","758","","","","","758","","","","","758","","","","","758","","758","","","","",
"Islas Marshall","MHL","Promedio detallado de precipitaciones (mm anuales)","AG.LND.PRCP.MM","","","","","","","","","","","","","","","","","","","","","","","","","","","","","","","","","560","","","","","560","","","","","560","","","","","560","","","","","560","","","","","","",
" Ingreso mediano","MIC","Promedio detallado de precipitaciones (mm anuales)","AG.LND.PRCP.MM","","","","","","","","","","","","","","","","","","","","","","","","","","","","","","","","","","","","","","","","","","","","","","","","","","","","","","","","","","","",
"Ex República Yugoslava de Macedonia","MKD","Promedio detallado de precipitaciones (mm anuales)","AG.LND.PRCP.MM","","","","","","","","","","","","","","","","","","","","","","","","","","","","","","","","","619","","","","","619","","","","","619","","","","","619","","","","","619","","619","","","","",
"Malí","MLI","Promedio detallado de precipitaciones (mm anuales)","AG.LND.PRCP.MM","","","282","","","","","282","","","","","282","","","","","282","","","","","282","","","","","282","","","","","282","","","","","282","","","","","282","","","","","282","","","","","282","","282","","","","",
"Malta","MLT","Promedio detallado de precipitaciones (mm anuales)","AG.LND.PRCP.MM","","","560","","","","","560","","","","","560","","","","","560","","","","","560","","","","","560","","","","","560","","","","","560","","","","","560","","","","","560","","","","","560","","560","","","","",
"Myanmar","MMR","Promedio detallado de precipitaciones (mm anuales)","AG.LND.PRCP.MM","","","2091","","","","","2091","","","","","2091","","","","","2091","","","","","2091","","","","","2091","","","","","2091","","","","","2091","","","","","2091","","","","","2091","","","","","2091","","2091","","","","",
"Oriente Medio y Norte de África (excluido altos ingresos)","MNA","Promedio detallado de precipitaciones (mm anuales)","AG.LND.PRCP.MM","","","","","","","","","","","","","","","","","","","","","","","","","","","","","","","","","","","","","","","","","","","","","","","","","","","","","","","","","","","",
"Montenegro","MNE","Promedio detallado de precipitaciones (mm anuales)","AG.LND.PRCP.MM","","","","","","","","","","","","","","","","","","","","","","","","","","","","","","","","","241","","","","","241","","","","","241","","","","","241","","","","","241","","","","","","",
"Mongolia","MNG","Promedio detallado de precipitaciones (mm anuales)","AG.LND.PRCP.MM","","","241","","","","","241","","","","","241","","","","","241","","","","","241","","","","","241","","","","","241","","","","","241","","","","","241","","","","","241","","","","","241","","241","","","","",
"Mariana","MNP","Promedio detallado de precipitaciones (mm anuales)","AG.LND.PRCP.MM","","","","","","","","","","","","","","","","","","","","","","","","","","","","","","","","","","","","","","","","","","","","","","","","","","","","","","","","","","","",
"Mozambique","MOZ","Promedio detallado de precipitaciones (mm anuales)","AG.LND.PRCP.MM","","","1032","","","","","1032","","","","","1032","","","","","1032","","","","","1032","","","","","1032","","","","","1032","","","","","1032","","","","","1032","","","","","1032","","","","","1032","","1032","","","","",
"Mauritania","MRT","Promedio detallado de precipitaciones (mm anuales)","AG.LND.PRCP.MM","","","92","","","","","92","","","","","92","","","","","92","","","","","92","","","","","92","","","","","92","","","","","92","","","","","92","","","","","92","","","","","92","","92","","","","",
"Mauricio","MUS","Promedio detallado de precipitaciones (mm anuales)","AG.LND.PRCP.MM","","","2041","","","","","2041","","","","","2041","","","","","2041","","","","","2041","","","","","2041","","","","","2041","","","","","2041","","","","","2041","","","","","2041","","","","","2041","","2041","","","","",
"Malawi","MWI","Promedio detallado de precipitaciones (mm anuales)","AG.LND.PRCP.MM","","","1181","","","","","1181","","","","","1181","","","","","1181","","","","","1181","","","","","1181","","","","","1181","","","","","1181","","","","","1181","","","","","1181","","","","","1181","","1181","","","","",
"Malasia","MYS","Promedio detallado de precipitaciones (mm anuales)","AG.LND.PRCP.MM","","","2875","","","","","2875","","","","","2875","","","","","2875","","","","","2875","","","","","2875","","","","","2875","","","","","2875","","","","","2875","","","","","2875","","","","","2875","","2875","","","","",
"América del Norte","NAC","Promedio detallado de precipitaciones (mm anuales)","AG.LND.PRCP.MM","","","","","","","","","","","","","","","","","","","","","","","","","","","","","","","","","","","","","","","","","","","","","","","","","","","","","","","","","","","",
"Namibia","NAM","Promedio detallado de precipitaciones (mm anuales)","AG.LND.PRCP.MM","","","285","","","","","285","","","","","285","","","","","285","","","","","285","","","","","285","","","","","285","","","","","285","","","","","285","","","","","285","","","","","285","","285","","","","",
"Nueva Caledonia","NCL","Promedio detallado de precipitaciones (mm anuales)","AG.LND.PRCP.MM","","","","","","","","","","","","","","","","","","","","","","","","","","","","","","","","","","","","","","","","","","","","","","","","","","","","","","","","","","","",
"Níger","NER","Promedio detallado de precipitaciones (mm anuales)","AG.LND.PRCP.MM","","","151","","","","","151","","","","","151","","","","","151","","","","","151","","","","","151","","","","","151","","","","","151","","","","","151","","","","","151","","","","","151","","151","","","","",
"Nigeria","NGA","Promedio detallado de precipitaciones (mm anuales)","AG.LND.PRCP.MM","","","1150","","","","","1150","","","","","1150","","","","","1150","","","","","1150","","","","","1150","","","","","1150","","","","","1150","","","","","1150","","","","","1150","","","","","1150","","1150","","","","",
"Nicaragua","NIC","Promedio detallado de precipitaciones (mm anuales)","AG.LND.PRCP.MM","","","2280","","","","","2280","","","","","2280","","","","","2280","","","","","2280","","","","","2280","","","","","2280","","","","","2280","","","","","2280","","","","","2280","","","","","2280","","2280","","","","",
"Países Bajos","NLD","Promedio detallado de precipitaciones (mm anuales)","AG.LND.PRCP.MM","","","778","","","","","778","","","","","778","","","","","778","","","","","778","","","","","778","","","","","778","","","","","778","","","","","778","","","","","778","","","","","778","","778","","","","",
"Noruega","NOR","Promedio detallado de precipitaciones (mm anuales)","AG.LND.PRCP.MM","","","1414","","","","","1414","","","","","1414","","","","","1414","","","","","1414","","","","","1414","","","","","1414","","","","","1414","","","","","1414","","","","","1414","","","","","1414","","1414","","","","",
"Nepal","NPL","Promedio detallado de precipitaciones (mm anuales)","AG.LND.PRCP.MM","","","1500","","","","","1500","","","","","1500","","","","","1500","","","","","1500","","","","","1500","","","","","1500","","","","","1500","","","","","1500","","","","","1500","","","","","1500","","1500","","","","",
"Nauru","NRU","Promedio detallado de precipitaciones (mm anuales)","AG.LND.PRCP.MM","","","","","","","","","","","","","","","","","","","","","","","","","","","","","","","","","285","","","","","285","","","","","285","","","","","285","","","","","285","","","","","","",
"Nueva Zelandia","NZL","Promedio detallado de precipitaciones (mm anuales)","AG.LND.PRCP.MM","","","1732","","","","","1732","","","","","1732","","","","","1732","","","","","1732","","","","","1732","","","","","1732","","","","","1732","","","","","1732","","","","","1732","","","","","1732","","1732","","","","",
"Miembros OCDE","OED","Promedio detallado de precipitaciones (mm anuales)","AG.LND.PRCP.MM","","","","","","","","","","","","","","","","","","","","","","","","","","","","","","","","","","","","","","","","","","","","","","","","","","","","","","","","","","","",
"Omán","OMN","Promedio detallado de precipitaciones (mm anuales)","AG.LND.PRCP.MM","","","125","","","","","125","","","","","125","","","","","125","","","","","125","","","","","125","","","","","125","","","","","125","","","","","125","","","","","125","","","","","125","","125","","","","",
"Otros Estados pequeos","OSS","Promedio detallado de precipitaciones (mm anuales)","AG.LND.PRCP.MM","","","","","","","","","","","","","","","","","","","","","","","","","","","","","","","","","","","","","","","","","","","","","","","","","","","","","","","","","","","",
"Pakistán","PAK","Promedio detallado de precipitaciones (mm anuales)","AG.LND.PRCP.MM","","","494","","","","","494","","","","","494","","","","","494","","","","","494","","","","","494","","","","","494","","","","","494","","","","","494","","","","","494","","","","","494","","494","","","","",
"Panamá","PAN","Promedio detallado de precipitaciones (mm anuales)","AG.LND.PRCP.MM","","","2928","","","","","2928","","","","","2928","","","","","2928","","","","","2928","","","","","2928","","","","","2928","","","","","2928","","","","","2928","","","","","2928","","","","","2928","","2928","","","","",
"Perú","PER","Promedio detallado de precipitaciones (mm anuales)","AG.LND.PRCP.MM","","","1738","","","","","1738","","","","","1738","","","","","1738","","","","","1738","","","","","1738","","","","","1738","","","","","1738","","","","","1738","","","","","1738","","","","","1738","","1738","","","","",
"Filipinas","PHL","Promedio detallado de precipitaciones (mm anuales)","AG.LND.PRCP.MM","","","2348","","","","","2348","","","","","2348","","","","","2348","","","","","2348","","","","","2348","","","","","2348","","","","","2348","","","","","2348","","","","","2348","","","","","2348","","2348","","","","",
"Palau","PLW","Promedio detallado de precipitaciones (mm anuales)","AG.LND.PRCP.MM","","","","","","","","","","","","","","","","","","","","","","","","","","","","","","","","","494","","","","","494","","","","","494","","","","","494","","","","","494","","","","","","",
"Papua Nueva Guinea","PNG","Promedio detallado de precipitaciones (mm anuales)","AG.LND.PRCP.MM","","","3142","","","","","3142","","","","","3142","","","","","3142","","","","","3142","","","","","3142","","","","","3142","","","","","3142","","","","","3142","","","","","3142","","","","","3142","","3142","","","","",
"Polonia","POL","Promedio detallado de precipitaciones (mm anuales)","AG.LND.PRCP.MM","","","600","","","","","600","","","","","600","","","","","600","","","","","600","","","","","600","","","","","600","","","","","600","","","","","600","","","","","600","","","","","600","","600","","","","",
"previa al dividendo demográfico","PRE","Promedio detallado de precipitaciones (mm anuales)","AG.LND.PRCP.MM","","","","","","","","","","","","","","","","","","","","","","","","","","","","","","","","","","","","","","","","","","","","","","","","","","","","","","","","","","","",
"Puerto Rico","PRI","Promedio detallado de precipitaciones (mm anuales)","AG.LND.PRCP.MM","","","2054","","","","","2054","","","","","2054","","","","","2054","","","","","2054","","","","","2054","","","","","2054","","","","","2054","","","","","2054","","","","","2054","","","","","2054","","2054","","","","",
"Corea, República Popular Democrática de","PRK","Promedio detallado de precipitaciones (mm anuales)","AG.LND.PRCP.MM","","","1054","","","","","1054","","","","","1054","","","","","1054","","","","","1054","","","","","1054","","","","","1054","","","","","1054","","","","","1054","","","","","1054","","","","","1054","","1054","","","","",
"Portugal","PRT","Promedio detallado de precipitaciones (mm anuales)","AG.LND.PRCP.MM","","","854","","","","","854","","","","","854","","","","","854","","","","","854","","","","","854","","","","","854","","","","","854","","","","","854","","","","","854","","","","","854","","854","","","","",
"Paraguay","PRY","Promedio detallado de precipitaciones (mm anuales)","AG.LND.PRCP.MM","","","1130","","","","","1130","","","","","1130","","","","","1130","","","","","1130","","","","","1130","","","","","1130","","","","","1130","","","","","1130","","","","","1130","","","","","1130","","1130","","","","",
"Ribera Occidental y Gaza","PSE","Promedio detallado de precipitaciones (mm anuales)","AG.LND.PRCP.MM","","","402","","","","","402","","","","","402","","","","","402","","","","","402","","","","","402","","","","","402","","","","","402","","","","","402","","","","","402","","","","","402","","402","","","","",
"Estados pequeos de las Islas del Pacfico","PSS","Promedio detallado de precipitaciones (mm anuales)","AG.LND.PRCP.MM","","","","","","","","","","","","","","","","","","","","","","","","","","","","","","","","","","","","","","","","","","","","","","","","","","","","","","","","","","","",
"posterior al dividendo demográfico","PST","Promedio detallado de precipitaciones (mm anuales)","AG.LND.PRCP.MM","","","","","","","","","","","","","","","","","","","","","","","","","","","","","","","","","","","","","","","","","","","","","","","","","","","","","","","","","","","",
"Polinesia Francesa","PYF","Promedio detallado de precipitaciones (mm anuales)","AG.LND.PRCP.MM","","","","","","","","","","","","","","","","","","","","","","","","","","","","","","","","","","","","","","","","","","","","","","","","","","","","","","","","","","","",
"Qatar","QAT","Promedio detallado de precipitaciones (mm anuales)","AG.LND.PRCP.MM","","","74","","","","","74","","","","","74","","","","","74","","","","","74","","","","","74","","","","","74","","","","","74","","","","","74","","","","","74","","","","","74","","74","","","","",
"Rumania","ROU","Promedio detallado de precipitaciones (mm anuales)","AG.LND.PRCP.MM","","","637","","","","","637","","","","","637","","","","","637","","","","","637","","","","","637","","","","","637","","","","","637","","","","","637","","","","","637","","","","","637","","637","","","","",
"Federación de Rusia","RUS","Promedio detallado de precipitaciones (mm anuales)","AG.LND.PRCP.MM","","","","","","","","","","","","","","","","","","","","","","","","","","","","","","","","","460","","","","","460","","","","","460","","","","","460","","","","","460","","460","","","","",
"Rwanda","RWA","Promedio detallado de precipitaciones (mm anuales)","AG.LND.PRCP.MM","","","1212","","","","","1212","","","","","1212","","","","","1212","","","","","1212","","","","","1212","","","","","1212","","","","","1212","","","","","1212","","","","","1212","","","","","1212","","1212","","","","",
"Asia meridional","SAS","Promedio detallado de precipitaciones (mm anuales)","AG.LND.PRCP.MM","","","","","","","","","","","","","","","","","","","","","","","","","","","","","","","","","","","","","","","","","","","","","","","","","","","","","","","","","","","",
"Arabia Saudita","SAU","Promedio detallado de precipitaciones (mm anuales)","AG.LND.PRCP.MM","","","59","","","","","59","","","","","59","","","","","59","","","","","59","","","","","59","","","","","59","","","","","59","","","","","59","","","","","59","","","","","59","","59","","","","",
"Sudán","SDN","Promedio detallado de precipitaciones (mm anuales)","AG.LND.PRCP.MM","","","416","","","","","416","","","","","416","","","","","416","","","","","416","","","","","416","","","","","1712","","","","","1712","","","","","1712","","","","","1712","","","","","250","","250","","","","",
"Senegal","SEN","Promedio detallado de precipitaciones (mm anuales)","AG.LND.PRCP.MM","","","686","","","","","686","","","","","686","","","","","686","","","","","686","","","","","686","","","","","686","","","","","686","","","","","686","","","","","686","","","","","686","","686","","","","",
"Singapur","SGP","Promedio detallado de precipitaciones (mm anuales)","AG.LND.PRCP.MM","","","2497","","","","","2497","","","","","2497","","","","","2497","","","","","2497","","","","","2497","","","","","2497","","","","","2497","","","","","2497","","","","","2497","","","","","2497","","2497","","","","",
"Islas Salomón","SLB","Promedio detallado de precipitaciones (mm anuales)","AG.LND.PRCP.MM","","","3028","","","","","3028","","","","","3028","","","","","3028","","","","","3028","","","","","3028","","","","","3028","","","","","3028","","","","","3028","","","","","3028","","","","","3028","","3028","","","","",
"Sierra Leona","SLE","Promedio detallado de precipitaciones (mm anuales)","AG.LND.PRCP.MM","","","2526","","","","","2526","","","","","2526","","","","","2526","","","","","2526","","","","","2526","","","","","2526","","","","","2526","","","","","2526","","","","","2526","","","","","2526","","2526","","","","",
"El Salvador","SLV","Promedio detallado de precipitaciones (mm anuales)","AG.LND.PRCP.MM","","","1784","","","","","1784","","","","","1784","","","","","1784","","","","","1784","","","","","1784","","","","","1784","","","","","1784","","","","","1784","","","","","1784","","","","","1784","","1784","","","","",
"San Marino","SMR","Promedio detallado de precipitaciones (mm anuales)","AG.LND.PRCP.MM","","","","","","","","","","","","","","","","","","","","","","","","","","","","","","","","","","","","","","","","","","","","","","","","","","","","","","","","","","","",
"Somalia","SOM","Promedio detallado de precipitaciones (mm anuales)","AG.LND.PRCP.MM","","","282","","","","","282","","","","","282","","","","","282","","","","","282","","","","","282","","","","","282","","","","","282","","","","","282","","","","","282","","","","","282","","282","","","","",
"Serbia","SRB","Promedio detallado de precipitaciones (mm anuales)","AG.LND.PRCP.MM","","","","","","","","","","","","","","","","","","","","","","","","","","","","","","","","","686","","","","","686","","","","","686","","","","","686","","","","","686","","","","","","",
"África al sur del Sahara (excluido altos ingresos)","SSA","Promedio detallado de precipitaciones (mm anuales)","AG.LND.PRCP.MM","","","","","","","","","","","","","","","","","","","","","","","","","","","","","","","","","","","","","","","","","","","","","","","","","","","","","","","","","","","",
"Sudán del Sur","SSD","Promedio detallado de precipitaciones (mm anuales)","AG.LND.PRCP.MM","","","","","","","","","","","","","","","","","","","","","","","","","","","","","","","","","495","","","","","495","","","","","495","","","","","495","","","","","900","","900","","","","",
"África al sur del Sahara","SSF","Promedio detallado de precipitaciones (mm anuales)","AG.LND.PRCP.MM","","","","","","","","","","","","","","","","","","","","","","","","","","","","","","","","","","","","","","","","","","","","","","","","","","","","","","","","","","","",
"Pequeños Estados","SST","Promedio detallado de precipitaciones (mm anuales)","AG.LND.PRCP.MM","","","","","","","","","","","","","","","","","","","","","","","","","","","","","","","","","","","","","","","","","","","","","","","","","","","","","","","","","","","",
"Santo Tomé y Príncipe","STP","Promedio detallado de precipitaciones (mm anuales)","AG.LND.PRCP.MM","","","3200","","","","","3200","","","","","3200","","","","","3200","","","","","3200","","","","","3200","","","","","3200","","","","","3200","","","","","3200","","","","","3200","","","","","3200","","3200","","","","",
"Suriname","SUR","Promedio detallado de precipitaciones (mm anuales)","AG.LND.PRCP.MM","","","2331","","","","","2331","","","","","2331","","","","","2331","","","","","2331","","","","","2331","","","","","2331","","","","","2331","","","","","2331","","","","","2331","","","","","2331","","2331","","","","",
"República Eslovaca","SVK","Promedio detallado de precipitaciones (mm anuales)","AG.LND.PRCP.MM","","","","","","","","","","","","","","","","","","","","","","","","","","","","","","","","","2497","","","","","824","","","","","824","","","","","824","","","","","824","","824","","","","",
"Eslovenia","SVN","Promedio detallado de precipitaciones (mm anuales)","AG.LND.PRCP.MM","","","","","","","","","","","","","","","","","","","","","","","","","","","","","","","","","1162","","","","","1162","","","","","1162","","","","","1162","","","","","1162","","1162","","","","",
"Suecia","SWE","Promedio detallado de precipitaciones (mm anuales)","AG.LND.PRCP.MM","","","624","","","","","624","","","","","624","","","","","624","","","","","624","","","","","624","","","","","624","","","","","624","","","","","624","","","","","624","","","","","624","","624","","","","",
"Eswatini","SWZ","Promedio detallado de precipitaciones (mm anuales)","AG.LND.PRCP.MM","","","788","","","","","788","","","","","788","","","","","788","","","","","788","","","","","788","","","","","788","","","","","788","","","","","788","","","","","788","","","","","788","","788","","","","",
"Sint Maarten (Dutch part)","SXM","Promedio detallado de precipitaciones (mm anuales)","AG.LND.PRCP.MM","","","","","","","","","","","","","","","","","","","","","","","","","","","","","","","","","","","","","","","","","","","","","","","","","","","","","","","","","","","",
"Seychelles","SYC","Promedio detallado de precipitaciones (mm anuales)","AG.LND.PRCP.MM","","","2330","","","","","2330","","","","","2330","","","","","2330","","","","","2330","","","","","2330","","","","","2330","","","","","2330","","","","","2330","","","","","2330","","","","","2330","","2330","","","","",
"República Árabe Siria","SYR","Promedio detallado de precipitaciones (mm anuales)","AG.LND.PRCP.MM","","","252","","","","","252","","","","","252","","","","","252","","","","","252","","","","","252","","","","","252","","","","","252","","","","","252","","","","","252","","","","","252","","252","","","","",
"Islas Turcas y Caicos","TCA","Promedio detallado de precipitaciones (mm anuales)","AG.LND.PRCP.MM","","","","","","","","","","","","","","","","","","","","","","","","","","","","","","","","","","","","","","","","","","","","","","","","","","","","","","","","","","","",
"Chad","TCD","Promedio detallado de precipitaciones (mm anuales)","AG.LND.PRCP.MM","","","322","","","","","322","","","","","322","","","","","322","","","","","322","","","","","322","","","","","322","","","","","322","","","","","322","","","","","322","","","","","322","","322","","","","",
"Asia oriental y el Pacífico (BIRF y la AIF)","TEA","Promedio detallado de precipitaciones (mm anuales)","AG.LND.PRCP.MM","","","","","","","","","","","","","","","","","","","","","","","","","","","","","","","","","","","","","","","","","","","","","","","","","","","","","","","","","","","",
"Europa y Asia central (BIRF y la AIF)","TEC","Promedio detallado de precipitaciones (mm anuales)","AG.LND.PRCP.MM","","","","","","","","","","","","","","","","","","","","","","","","","","","","","","","","","","","","","","","","","","","","","","","","","","","","","","","","","","","",
"Togo","TGO","Promedio detallado de precipitaciones (mm anuales)","AG.LND.PRCP.MM","","","1168","","","","","1168","","","","","1168","","","","","1168","","","","","1168","","","","","1168","","","","","1168","","","","","1168","","","","","1168","","","","","1168","","","","","1168","","1168","","","","",
"Tailandia","THA","Promedio detallado de precipitaciones (mm anuales)","AG.LND.PRCP.MM","","","1622","","","","","1622","","","","","1622","","","","","1622","","","","","1622","","","","","1622","","","","","1622","","","","","1622","","","","","1622","","","","","1622","","","","","1622","","1622","","","","",
"Tayikistán","TJK","Promedio detallado de precipitaciones (mm anuales)","AG.LND.PRCP.MM","","","","","","","","","","","","","","","","","","","","","","","","","","","","","","","","","691","","","","","691","","","","","691","","","","","691","","","","","691","","691","","","","",
"Turkmenistán","TKM","Promedio detallado de precipitaciones (mm anuales)","AG.LND.PRCP.MM","","","","","","","","","","","","","","","","","","","","","","","","","","","","","","","","","161","","","","","161","","","","","161","","","","","161","","","","","161","","161","","","","",
"América Latina y el Caribe (BIRF y la AIF)","TLA","Promedio detallado de precipitaciones (mm anuales)","AG.LND.PRCP.MM","","","","","","","","","","","","","","","","","","","","","","","","","","","","","","","","","","","","","","","","","","","","","","","","","","","","","","","","","","","",
"Timor-Leste","TLS","Promedio detallado de precipitaciones (mm anuales)","AG.LND.PRCP.MM","","","1500","","","","","1500","","","","","1500","","","","","1500","","","","","1500","","","","","1500","","","","","1500","","","","","1500","","","","","1500","","","","","1500","","","","","1500","","1500","","","","",
"Oriente Medio y Norte de África (BIRF y la AIF)","TMN","Promedio detallado de precipitaciones (mm anuales)","AG.LND.PRCP.MM","","","","","","","","","","","","","","","","","","","","","","","","","","","","","","","","","","","","","","","","","","","","","","","","","","","","","","","","","","","",
"Tonga","TON","Promedio detallado de precipitaciones (mm anuales)","AG.LND.PRCP.MM","","","","","","","","","","","","","","","","","","","","","","","","","","","","","","","","","","","","","","","","","","","","","","","","","","","","","","","","","","","",
"Asia meridional (BIRF y la AIF)","TSA","Promedio detallado de precipitaciones (mm anuales)","AG.LND.PRCP.MM","","","","","","","","","","","","","","","","","","","","","","","","","","","","","","","","","","","","","","","","","","","","","","","","","","","","","","","","","","","",
"África al sur del Sahara (BIRF y la AIF)","TSS","Promedio detallado de precipitaciones (mm anuales)","AG.LND.PRCP.MM","","","","","","","","","","","","","","","","","","","","","","","","","","","","","","","","","","","","","","","","","","","","","","","","","","","","","","","","","","","",
"Trinidad y Tobago","TTO","Promedio detallado de precipitaciones (mm anuales)","AG.LND.PRCP.MM","","","2200","","","","","2200","","","","","2200","","","","","2200","","","","","2200","","","","","2200","","","","","2200","","","","","2200","","","","","2200","","","","","2200","","","","","2200","","2200","","","","",
"Túnez","TUN","Promedio detallado de precipitaciones (mm anuales)","AG.LND.PRCP.MM","","","207","","","","","207","","","","","207","","","","","207","","","","","207","","","","","207","","","","","207","","","","","207","","","","","207","","","","","207","","","","","207","","207","","","","",
"Turquía","TUR","Promedio detallado de precipitaciones (mm anuales)","AG.LND.PRCP.MM","","","593","","","","","593","","","","","593","","","","","593","","","","","593","","","","","593","","","","","593","","","","","593","","","","","593","","","","","593","","","","","593","","593","","","","",
"Tuvalu","TUV","Promedio detallado de precipitaciones (mm anuales)","AG.LND.PRCP.MM","","","","","","","","","","","","","","","","","","","","","","","","","","","","","","","","","161","","","","","161","","","","","161","","","","","161","","","","","161","","","","","","",
"Tanzanía","TZA","Promedio detallado de precipitaciones (mm anuales)","AG.LND.PRCP.MM","","","1071","","","","","1071","","","","","1071","","","","","1071","","","","","1071","","","","","1071","","","","","1071","","","","","1071","","","","","1071","","","","","1071","","","","","1071","","1071","","","","",
"Uganda","UGA","Promedio detallado de precipitaciones (mm anuales)","AG.LND.PRCP.MM","","","1180","","","","","1180","","","","","1180","","","","","1180","","","","","1180","","","","","1180","","","","","1180","","","","","1180","","","","","1180","","","","","1180","","","","","1180","","1180","","","","",
"Ucrania","UKR","Promedio detallado de precipitaciones (mm anuales)","AG.LND.PRCP.MM","","","","","","","","","","","","","","","","","","","","","","","","","","","","","","","","","565","","","","","565","","","","","565","","","","","565","","","","","565","","565","","","","",
"Ingreso mediano alto","UMC","Promedio detallado de precipitaciones (mm anuales)","AG.LND.PRCP.MM","","","","","","","","","","","","","","","","","","","","","","","","","","","","","","","","","","","","","","","","","","","","","","","","","","","","","","","","","","","",
"Uruguay","URY","Promedio detallado de precipitaciones (mm anuales)","AG.LND.PRCP.MM","","","1300","","","","","1300","","","","","1300","","","","","1300","","","","","1300","","","","","1300","","","","","1300","","","","","1300","","","","","1300","","","","","1300","","","","","1300","","1300","","","","",
"Estados Unidos","USA","Promedio detallado de precipitaciones (mm anuales)","AG.LND.PRCP.MM","","","715","","","","","715","","","","","715","","","","","715","","","","","715","","","","","715","","","","","715","","","","","715","","","","","715","","","","","715","","","","","715","","715","","","","",
"Uzbekistán","UZB","Promedio detallado de precipitaciones (mm anuales)","AG.LND.PRCP.MM","","","","","","","","","","","","","","","","","","","","","","","","","","","","","","","","","206","","","","","206","","","","","206","","","","","206","","","","","206","","206","","","","",
"San Vicente y las Granadinas","VCT","Promedio detallado de precipitaciones (mm anuales)","AG.LND.PRCP.MM","","","1583","","","","","1583","","","","","1583","","","","","1583","","","","","1583","","","","","1583","","","","","1583","","","","","1583","","","","","1583","","","","","1583","","","","","1583","","1583","","","","",
"Venezuela","VEN","Promedio detallado de precipitaciones (mm anuales)","AG.LND.PRCP.MM","","","2044","","","","","2044","","","","","2044","","","","","2044","","","","","2044","","","","","2044","","","","","2044","","","","","2044","","","","","2044","","","","","2044","","","","","2044","","2044","","","","",
"Islas Vírgenes Británicas","VGB","Promedio detallado de precipitaciones (mm anuales)","AG.LND.PRCP.MM","","","","","","","","","","","","","","","","","","","","","","","","","","","","","","","","","","","","","","","","","","","","","","","","","","","","","","","","","","","",
"Islas Vírgenes (EE.UU.)","VIR","Promedio detallado de precipitaciones (mm anuales)","AG.LND.PRCP.MM","","","","","","","","","","","","","","","","","","","","","","","","","","","","","","","","","","","","","","","","","","","","","","","","","","","","","","","","","","","",
"Viet Nam","VNM","Promedio detallado de precipitaciones (mm anuales)","AG.LND.PRCP.MM","","","1821","","","","","1821","","","","","1821","","","","","1821","","","","","1821","","","","","1821","","","","","1821","","","","","1821","","","","","1821","","","","","1821","","","","","1821","","1821","","","","",
"Vanuatu","VUT","Promedio detallado de precipitaciones (mm anuales)","AG.LND.PRCP.MM","","","","","","","","","","","","","","","","","","","","","","","","","","","","","","","","","206","","","","","206","","","","","206","","","","","206","","","","","206","","","","","","",
"Mundo","WLD","Promedio detallado de precipitaciones (mm anuales)","AG.LND.PRCP.MM","","","","","","","","","","","","","","","","","","","","","","","","","","","","","","","","","","","","","","","","","","","","","","","","","","","","","","","","","","","",
"Samoa","WSM","Promedio detallado de precipitaciones (mm anuales)","AG.LND.PRCP.MM","","","","","","","","","","","","","","","","","","","","","","","","","","","","","","","","","1583","","","","","1583","","","","","1583","","","","","1583","","","","","1583","","","","","","",
"Kosovo","XKX","Promedio detallado de precipitaciones (mm anuales)","AG.LND.PRCP.MM","","","","","","","","","","","","","","","","","","","","","","","","","","","","","","","","","","","","","","","","","","","","","","","","","","","","","","","","","","","",
"Yemen, Rep. del","YEM","Promedio detallado de precipitaciones (mm anuales)","AG.LND.PRCP.MM","","","167","","","","","167","","","","","167","","","","","167","","","","","167","","","","","167","","","","","167","","","","","167","","","","","167","","","","","167","","","","","167","","167","","","","",
"Sudáfrica","ZAF","Promedio detallado de precipitaciones (mm anuales)","AG.LND.PRCP.MM","","","495","","","","","495","","","","","495","","","","","495","","","","","495","","","","","495","","","","","495","","","","","495","","","","","495","","","","","495","","","","","495","","495","","","","",
"Zambia","ZMB","Promedio detallado de precipitaciones (mm anuales)","AG.LND.PRCP.MM","","","1020","","","","","1020","","","","","1020","","","","","1020","","","","","1020","","","","","1020","","","","","1020","","","","","1020","","","","","1020","","","","","1020","","","","","1020","","1020","","","","",
"Zimbabwe","ZWE","Promedio detallado de precipitaciones (mm anuales)","AG.LND.PRCP.MM","","","657","","","","","657","","","","","657","","","","","657","","","","","657","","","","","657","","","","","657","","","","","657","","","","","657","","","","","657","","","","","657","","657","","","","",
